iter,phase,running_train_loss,val_stSNR_mean,val_stSNR_per_stack,val_stPSNR_mean,val_stSI_PSNR_mean,is_best,elapsed_sec
500,warmup,0.063702,13.0965,F0:23.7542;F1:19.7830;F2:9.4083;F3:-0.5597,16.7313,-6.2323,1,680.2
1000,warmup,0.044904,12.8857,F0:21.8154;F1:21.3608;F2:8.7914;F3:-0.4248,16.5205,-5.7123,0,1359.9
1500,warmup,0.042150,12.7478,F0:20.3877;F1:21.6435;F2:11.3714;F3:-2.4116,16.3825,-5.2241,0,2036.4
2000,warmup,0.040009,11.8704,F0:18.0452;F1:21.8218;F2:10.1700;F3:-2.5552,15.5052,-5.0907,0,2713.9
2500,n2v,0.176342,12.9586,F0:20.9170;F1:22.7933;F2:11.4431;F3:-3.3191,16.5933,-5.2224,0,3390.4
3000,n2v,0.175992,12.7957,F0:20.6999;F1:22.5269;F2:11.5051;F3:-3.5492,16.4305,-5.1639,0,4066.7
3500,n2v,0.174847,13.0568,F0:21.6508;F1:22.8446;F2:11.1984;F3:-3.4667,16.6916,-5.2799,0,4742.4
4000,n2v,0.177122,13.0490,F0:20.7146;F1:23.1077;F2:11.9244;F3:-3.5510,16.6837,-4.9710,0,5426.8
4500,n2v,0.176908,12.8067,F0:20.6925;F1:22.4983;F2:11.2755;F3:-3.2395,16.4415,-5.2462,0,6099.3
5000,n2v,0.176076,12.6383,F0:19.6803;F1:22.7604;F2:11.5085;F3:-3.3959,16.2731,-5.0027,0,6772.5
5500,n2v,0.174554,13.2039,F0:20.7789;F1:23.0281;F2:12.1515;F3:-3.1431,16.8386,-5.0124,1,7446.4
6000,n2v,0.177212,12.6274,F0:20.2047;F1:22.7589;F2:10.7512;F3:-3.2053,16.2622,-5.1705,0,8119.8
6500,n2v,0.175433,13.1112,F0:21.4848;F1:23.1398;F2:11.1458;F3:-3.3256,16.7460,-5.2892,0,8793.2
7000,n2v,0.176808,12.4510,F0:19.9593;F1:22.8070;F2:10.4003;F3:-3.3628,16.0858,-5.2480,0,9465.8
7500,n2v,0.175269,12.7396,F0:21.2522;F1:22.8781;F2:10.2216;F3:-3.3935,16.3744,-5.1850,0,10139.3
8000,n2v,0.177205,12.6616,F0:20.2610;F1:22.4352;F2:11.1097;F3:-3.1594,16.2964,-5.0967,0,10812.6
8500,n2v,0.175668,13.1648,F0:20.3302;F1:23.3150;F2:11.9816;F3:-2.9676,16.7996,-5.0590,0,11487.7
9000,n2v,0.177238,13.0124,F0:20.3273;F1:23.0525;F2:11.7802;F3:-3.1105,16.6471,-5.1442,0,12160.8
9500,n2v,0.176676,12.1751,F0:19.4769;F1:21.5923;F2:10.8172;F3:-3.1861,15.8099,-4.7771,0,12834.1
10000,n2v,0.176090,13.3117,F0:20.6395;F1:22.9938;F2:12.4518;F3:-2.8382,16.9465,-5.1322,1,13508.0
10500,n2v,0.176493,13.1122,F0:20.8792;F1:23.4210;F2:11.1435;F3:-2.9951,16.7470,-5.0565,0,14180.3
11000,n2v,0.175215,12.6448,F0:20.3505;F1:22.4946;F2:11.0228;F3:-3.2886,16.2796,-5.2421,0,14853.3
11500,n2v,0.176794,12.7395,F0:20.5555;F1:22.0370;F2:11.3878;F3:-3.0223,16.3743,-5.0900,0,15526.7
12000,n2v,0.176117,13.4419,F0:21.4515;F1:23.2652;F2:12.1267;F3:-3.0759,17.0766,-5.1687,1,16199.5
12500,n2v,0.176071,12.6426,F0:20.1152;F1:22.4086;F2:11.0452;F3:-2.9985,16.2774,-5.1617,0,16872.3
13000,n2v,0.175260,13.0458,F0:20.4644;F1:23.2194;F2:11.3771;F3:-2.8776,16.6806,-5.1768,0,17545.3
13500,n2v,0.176326,12.6821,F0:20.0527;F1:22.6419;F2:10.9914;F3:-2.9577,16.3169,-5.0502,0,18218.6
14000,n2v,0.174841,12.9370,F0:19.9440;F1:22.7954;F2:12.0590;F3:-3.0505,16.5717,-5.1091,0,18892.0
14500,n2v,0.176134,13.2664,F0:20.9611;F1:23.4042;F2:11.7706;F3:-3.0702,16.9012,-5.0924,0,19565.9
15000,n2v,0.175774,13.3128,F0:20.3103;F1:23.4317;F2:12.4876;F3:-2.9783,16.9476,-5.2327,0,20239.5
15500,n2v,0.174901,12.7806,F0:20.5259;F1:22.8669;F2:10.7181;F3:-2.9884,16.4154,-5.1099,0,20912.8
16000,n2v,0.177068,13.3914,F0:20.5913;F1:23.5594;F2:12.0780;F3:-2.6630,17.0262,-5.0715,0,21586.0
16500,n2v,0.175618,13.1037,F0:20.2698;F1:23.2003;F2:11.8288;F3:-2.8842,16.7384,-5.0216,0,22259.4
17000,n2v,0.175393,13.2561,F0:20.6435;F1:23.4150;F2:11.8047;F3:-2.8389,16.8909,-5.1265,0,22932.3
17500,n2v,0.175483,13.2458,F0:20.6386;F1:23.1039;F2:12.2147;F3:-2.9741,16.8806,-5.2597,0,23605.3
18000,n2v,0.176177,13.0977,F0:20.5979;F1:23.0287;F2:11.7955;F3:-3.0314,16.7325,-5.1039,0,24277.4
18500,n2v,0.175435,13.2938,F0:20.8882;F1:23.3885;F2:11.9524;F3:-3.0539,16.9286,-5.1712,0,24950.7
19000,n2v,0.176122,13.1851,F0:20.7428;F1:23.4564;F2:11.5851;F3:-3.0438,16.8199,-5.0051,0,25624.4
19500,n2v,0.174909,13.1959,F0:21.1848;F1:23.3888;F2:11.3190;F3:-3.1089,16.8307,-5.0005,0,26297.5
20000,n2v,0.175844,13.3247,F0:21.7996;F1:23.0926;F2:11.5035;F3:-3.0969,16.9595,-4.9886,0,26970.7
20500,n2v,0.177365,13.1824,F0:20.7485;F1:23.2170;F2:11.8960;F3:-3.1320,16.8172,-4.9948,0,27644.9
21000,n2v,0.175928,13.1370,F0:20.8319;F1:23.3458;F2:11.5843;F3:-3.2141,16.7717,-4.9272,0,28318.8
21500,n2v,0.175332,13.2513,F0:20.6244;F1:23.5565;F2:11.9460;F3:-3.1215,16.8861,-5.0750,0,28992.4
22000,n2v,0.177028,13.3233,F0:20.9644;F1:23.2470;F2:12.1978;F3:-3.1162,16.9580,-5.1417,0,29665.8
22500,n2v,0.174727,13.4241,F0:21.3812;F1:23.3354;F2:11.9921;F3:-3.0123,17.0589,-5.0629,0,30338.1
23000,n2v,0.175234,13.4066,F0:21.5559;F1:23.4014;F2:11.7895;F3:-3.1205,17.0414,-4.9307,0,31011.7
23500,n2v,0.175265,13.2552,F0:20.9246;F1:23.4658;F2:11.7240;F3:-3.0937,16.8900,-4.9091,0,31685.5
24000,n2v,0.174812,13.5984,F0:21.5251;F1:23.6524;F2:12.2936;F3:-3.0775,17.2332,-5.0283,1,32360.3
24500,n2v,0.175804,13.5256,F0:21.6181;F1:23.5332;F2:12.1316;F3:-3.1805,17.1603,-4.9262,0,33033.4
25000,n2v,0.175139,13.5880,F0:21.7783;F1:23.3692;F2:12.2416;F3:-3.0370,17.2228,-4.8904,0,33706.1
25500,n2v,0.173799,13.3796,F0:21.6680;F1:23.0239;F2:11.8596;F3:-3.0332,17.0144,-4.9343,0,34380.8
26000,n2v,0.174650,13.4929,F0:21.7268;F1:23.2308;F2:12.1474;F3:-3.1334,17.1277,-5.0771,0,35054.7
26500,n2v,0.175545,13.0214,F0:21.4069;F1:23.3126;F2:10.5404;F3:-3.1743,16.6562,-5.1058,0,35728.7
27000,n2v,0.175910,13.3418,F0:21.6387;F1:23.4240;F2:11.3507;F3:-3.0462,16.9766,-5.0365,0,36402.9
27500,n2v,0.175058,13.2902,F0:21.3500;F1:23.3613;F2:11.5011;F3:-3.0517,16.9250,-5.0464,0,37076.7
28000,n2v,0.175567,13.6283,F0:22.0914;F1:23.6875;F2:11.7879;F3:-3.0536,17.2631,-5.1219,1,37751.7
28500,n2v,0.174732,13.3850,F0:21.7148;F1:23.1717;F2:11.7639;F3:-3.1104,17.0198,-4.9968,0,38426.3
29000,n2v,0.174791,13.4452,F0:21.3328;F1:23.4608;F2:12.1845;F3:-3.1974,17.0799,-4.9685,0,39100.6
29500,n2v,0.175797,13.4889,F0:21.8221;F1:23.4598;F2:11.7399;F3:-3.0663,17.1237,-5.0034,0,39774.7
30000,n2v,0.175130,13.6341,F0:22.4086;F1:23.6157;F2:11.7179;F3:-3.2058,17.2689,-5.0674,1,40448.8
30500,n2v,0.173820,13.4196,F0:21.2423;F1:23.1323;F2:12.4974;F3:-3.1935,17.0544,-5.0506,0,41121.7
31000,n2v,0.176919,13.7313,F0:21.7279;F1:23.7040;F2:12.6390;F3:-3.1457,17.3661,-5.0319,1,41823.2
31500,n2v,0.175502,13.7515,F0:22.2634;F1:23.6910;F2:12.1521;F3:-3.1007,17.3862,-5.0021,1,42520.1
32000,n2v,0.174033,13.5102,F0:21.8028;F1:23.5918;F2:11.7994;F3:-3.1531,17.1450,-4.9339,0,43204.5
32500,n2v,0.175388,13.6202,F0:22.1461;F1:23.4133;F2:12.0529;F3:-3.1314,17.2550,-4.9131,0,43913.0
33000,n2v,0.176063,13.5662,F0:22.3149;F1:23.5749;F2:11.5219;F3:-3.1471,17.2009,-5.0331,0,44621.4
33500,n2v,0.175406,13.7339,F0:22.2767;F1:23.5935;F2:12.2014;F3:-3.1359,17.3687,-4.9613,0,45326.4
34000,n2v,0.175647,13.4022,F0:21.7724;F1:23.5901;F2:11.4753;F3:-3.2290,17.0370,-4.9411,0,46031.0
34500,n2v,0.176126,13.6559,F0:22.3138;F1:23.7072;F2:11.7432;F3:-3.1407,17.2907,-4.9500,0,46732.8
35000,n2v,0.175438,13.6859,F0:22.4819;F1:23.5335;F2:11.9354;F3:-3.2071,17.3207,-4.9857,0,47434.0
35500,n2v,0.176226,13.5372,F0:22.2253;F1:23.4648;F2:11.6431;F3:-3.1845,17.1720,-4.9651,0,48113.6
36000,n2v,0.173634,13.7794,F0:22.1697;F1:23.8253;F2:12.3083;F3:-3.1857,17.4142,-4.9326,1,48803.7
36500,n2v,0.175571,13.7345,F0:23.1860;F1:23.4016;F2:11.5078;F3:-3.1574,17.3693,-5.0207,0,49486.3
37000,n2v,0.175146,13.8037,F0:22.5432;F1:23.6249;F2:12.2698;F3:-3.2230,17.4385,-4.9986,1,50166.6
37500,n2v,0.174866,13.7345,F0:22.7429;F1:23.6093;F2:11.8742;F3:-3.2884,17.3693,-4.9995,0,50843.6
38000,n2v,0.175991,13.6756,F0:22.5685;F1:23.6681;F2:11.7208;F3:-3.2548,17.3104,-5.0259,0,51514.8
38500,n2v,0.175095,13.8053,F0:22.7990;F1:23.7548;F2:11.9317;F3:-3.2642,17.4401,-4.9595,1,52187.1
39000,n2v,0.176589,13.7037,F0:22.8190;F1:23.5612;F2:11.6622;F3:-3.2277,17.3385,-4.9439,0,52876.3
39500,n2v,0.175291,13.7044,F0:22.6901;F1:23.5019;F2:11.9350;F3:-3.3092,17.3392,-4.9873,0,53546.8
40000,n2v,0.174628,13.7453,F0:22.7562;F1:23.5617;F2:11.9468;F3:-3.2833,17.3801,-4.9633,0,54242.4
40500,n2v,0.175752,13.7224,F0:22.7357;F1:23.5730;F2:11.8675;F3:-3.2867,17.3572,-4.9458,0,54950.8
41000,n2v,0.175145,13.6367,F0:22.6618;F1:23.3470;F2:11.8009;F3:-3.2627,17.2715,-4.9480,0,55625.9
41500,n2v,0.174905,13.9263,F0:23.0279;F1:23.8247;F2:12.1431;F3:-3.2906,17.5611,-4.9889,1,56290.8
42000,n2v,0.175857,13.8489,F0:23.1856;F1:23.6911;F2:11.8506;F3:-3.3318,17.4836,-5.0037,0,56955.6
42500,n2v,0.175793,13.8304,F0:23.1596;F1:23.6300;F2:11.8206;F3:-3.2887,17.4652,-4.9881,0,57649.1
43000,n2v,0.175760,13.7492,F0:23.1928;F1:23.5580;F2:11.5381;F3:-3.2922,17.3840,-4.9409,0,58314.6
43500,n2v,0.175602,13.8892,F0:23.2042;F1:23.6051;F2:12.1098;F3:-3.3622,17.5240,-5.0370,0,59011.6
44000,n2v,0.174926,13.8210,F0:23.2407;F1:23.6342;F2:11.7411;F3:-3.3319,17.4558,-4.9854,0,59721.1
44500,n2v,0.176145,14.0081,F0:23.5052;F1:23.6943;F2:12.1589;F3:-3.3259,17.6429,-4.9339,1,60414.3
45000,n2v,0.176259,13.7647,F0:23.2371;F1:23.3238;F2:11.8178;F3:-3.3200,17.3994,-4.9435,0,61098.8
45500,n2v,0.174824,13.9659,F0:23.4729;F1:23.7251;F2:12.0228;F3:-3.3574,17.6006,-4.9751,0,61788.3
46000,n2v,0.174399,13.8341,F0:23.1455;F1:23.6615;F2:11.8835;F3:-3.3540,17.4689,-4.9266,0,62468.0
46500,n2v,0.175008,13.9165,F0:23.1820;F1:23.6455;F2:12.2012;F3:-3.3628,17.5513,-4.9640,0,63147.2
47000,n2v,0.175047,13.8969,F0:23.2446;F1:23.7110;F2:11.9821;F3:-3.3499,17.5317,-4.9660,0,63836.0
47500,n2v,0.175489,13.8474,F0:23.1944;F1:23.6463;F2:11.9054;F3:-3.3565,17.4822,-4.9652,0,64539.4
48000,n2v,0.175983,13.8655,F0:23.1715;F1:23.6806;F2:11.9685;F3:-3.3585,17.5003,-4.9503,0,65280.9
48500,n2v,0.174455,13.8423,F0:23.2995;F1:23.6903;F2:11.7367;F3:-3.3572,17.4771,-4.9504,0,65972.3
49000,n2v,0.176950,13.9289,F0:23.2917;F1:23.7559;F2:12.0598;F3:-3.3917,17.5637,-4.9917,0,66665.7
49500,n2v,0.176022,13.8640,F0:23.2892;F1:23.6648;F2:11.8729;F3:-3.3709,17.4988,-4.9310,0,67339.9
50000,n2v,0.174809,13.8971,F0:23.2851;F1:23.6598;F2:11.9902;F3:-3.3466,17.5319,-4.9694,0,68022.2
